sample_id,seed,f1_norm,f2_norm,f3_norm,f4_norm,f1_vol,f2_vol,f3_vol,f4_vol,f_Al_vol,kappa,E,rho,delta_alpha,delta_T
0,42,0.360573201542,0.364397480089,0.025010755223,0.250018563146,0.072114640308,0.072879496018,0.005002151045,0.050003712629,0.800000000000,131.888253935176,79.463853934804,2.711647604492,0.106382564255,37.412036849480
1,42,0.589760654793,0.215480080282,0.086938832629,0.107820432295,0.117952130959,0.043096016056,0.017387766526,0.021564086459,0.800000000000,129.579938331781,81.284483928471,2.681914979841,0.661274644591,6.719253110055
2,42,0.093695239862,0.397981270950,0.369357835659,0.138965653529,0.018739047972,0.079596254190,0.073871567132,0.027793130706,0.800000000000,137.444580023733,79.134637930325,2.780068362349,0.631358354360,73.152333477736
3,42,0.220164772802,0.368825061835,0.190569543322,0.220440622041,0.044032954560,0.073765012367,0.038113908664,0.044088124408,0.800000000000,135.257697788424,79.193806826680,2.755249202277,0.420045373438,56.215533626367
4,42,0.184771016706,0.042786927793,0.155479499812,0.616962555689,0.036954203341,0.008557385559,0.031095899962,0.123392511138,0.800000000000,146.741734004109,78.226854773556,2.929420087658,0.968037415729,60.955465442704
5,42,0.620072699363,0.015023658006,0.343955722479,0.020947920153,0.124014539873,0.003004731601,0.068791144496,0.004189584031,0.800000000000,133.887639149198,82.441625861980,2.744841652627,0.841638116698,2.659864101352
6,42,0.378534377208,0.157693714246,0.026884236021,0.436887672525,0.075706875442,0.031538742849,0.005376847204,0.087377534505,0.800000000000,137.710612803139,79.277054621800,2.803171839853,0.282680416936,35.006676204257
7,42,0.127219690958,0.045824383656,0.295428163785,0.531527761601,0.025443938192,0.009164876731,0.059085632757,0.106305552320,0.800000000000,147.897380076762,78.466185853410,2.940937772540,0.995330031160,68.662738986883
8,42,0.380126225039,0.475191495976,0.011165945740,0.133516333245,0.076025245008,0.095038299195,0.002233189148,0.026703266649,0.800000000000,128.040418217376,79.726100818337,2.651361791756,0.087671580724,34.793495942755
9,42,0.192616603071,0.329824825622,0.314904474150,0.162654097156,0.038523320614,0.065964965124,0.062980894830,0.032530819431,0.800000000000,136.831194713338,79.521139034023,2.775592752479,0.406574051521,59.904784516673
10,42,0.217449286700,0.244810925151,0.465860122970,0.071879665179,0.043489857340,0.048962185030,0.093172024594,0.014375933036,0.800000000000,138.199338077465,80.306439756247,2.793893245676,0.216216806618,56.579191525178
11,42,0.066852008644,0.157148079810,0.684614250990,0.091385660556,0.013370401729,0.031429615962,0.136922850198,0.018277132111,0.800000000000,144.710881401139,80.066787302350,2.881721937982,0.593596833671,76.747179002454
12,42,0.086863875814,0.334976181811,0.066188605212,0.511971337163,0.017372775163,0.066995236362,0.013237721042,0.102394267433,0.800000000000,140.714848910707,77.515110811903,2.837433516472,1.134926714153,74.067189750928
13,42,0.063219951527,0.085452410259,0.395631901061,0.455695737153,0.012643990305,0.017090482052,0.079126380212,0.091139147431,0.800000000000,148.214939784305,78.523133207655,2.940779911349,1.058422800567,77.233584091540
14,42,0.538977289667,0.206011692424,0.002024829561,0.252986188348,0.107795457933,0.041202338485,0.000404965912,0.050597237670,0.800000000000,131.620661622110,80.466766048321,2.714581939611,0.348857888261,13.520161367756
15,42,0.223664698823,0.635329334276,0.138331744891,0.002674222011,0.044732939765,0.127065866855,0.027666348978,0.000534844402,0.800000000000,127.270807783384,79.398480617632,2.630036206451,0.154092208385,55.746823533657
16,42,0.007140682374,0.152841319348,0.701120907944,0.138897090333,0.001428136475,0.030568263870,0.140224181589,0.027779418067,0.800000000000,146.619162275993,79.680283905179,2.907547407480,0.796581835647,84.743719816449
17,42,0.083282576110,0.384767311675,0.404111571639,0.127838540576,0.016656515222,0.076953462335,0.080822314328,0.025567708115,0.800000000000,138.040044034981,79.201562388609,2.788004082699,0.640049459625,74.546797407325
18,42,0.114551742984,0.565731667273,0.115211549871,0.204505039873,0.022910348597,0.113146333455,0.023042309974,0.040901007975,0.800000000000,132.572496153565,78.335838281107,2.711120143666,0.698063419377,70.359230579625
19,42,0.323213077073,0.111552173596,0.546276293671,0.018958455660,0.064642615415,0.022310434719,0.109255258734,0.003791691132,0.800000000000,138.927419870803,81.295174284994,2.807003360810,0.120934293399,42.415304718353
20,42,0.117618518962,0.374699806434,0.106410822798,0.401270851807,0.023523703792,0.074939961287,0.021282164560,0.080254170361,0.800000000000,138.404126594172,78.009099056112,2.802231449124,0.918415566365,69.948527940597
21,42,0.221373521369,0.223131769956,0.016115678555,0.539379030120,0.044274704274,0.044626353991,0.003223135711,0.107875806024,0.800000000000,140.385530550940,78.125011631718,2.838630617162,0.814789454191,56.053658018204
22,42,0.251113041860,0.511394291971,0.111867725321,0.125624940848,0.050222608372,0.102278858394,0.022373545064,0.025124988170,0.800000000000,130.291239191585,79.280941043724,2.680113844247,0.234869385082,52.070941434104
23,42,0.162114544156,0.326485351242,0.078757048291,0.432643056311,0.032422908831,0.065297070248,0.015751409658,0.086528611262,0.800000000000,138.686465097441,78.139308613976,2.808898358995,0.839834402592,63.989620246646
24,42,0.128391464500,0.346890913599,0.450196406505,0.074521215396,0.025678292900,0.069378182720,0.090039281301,0.014904243079,0.800000000000,137.716694871373,79.710572013574,2.783552233862,0.452110300861,68.505815074192
25,42,0.755265196636,0.035637093993,0.035449413005,0.173648296366,0.151053039327,0.007127418799,0.007089882601,0.034729659273,0.800000000000,130.429122227862,82.015748353974,2.702846859256,0.986014671424,31.997566321494
26,42,0.025571797468,0.272694659641,0.373420502529,0.328313040362,0.005114359494,0.054538931928,0.074684100506,0.065662608072,0.800000000000,143.418615734552,78.428561563724,2.868492768233,1.024664476962,82.275424883067
27,42,0.411691281543,0.224697337032,0.250223156310,0.113388225116,0.082338256309,0.044939467406,0.050044631262,0.022677645023,0.800000000000,133.872839703745,80.722006395086,2.739217087472,0.210469743566,30.566303575793
28,42,0.648967179672,0.051682927891,0.292159053452,0.007190838985,0.129793435934,0.010336585578,0.058431810690,0.001438167797,0.800000000000,132.112142460861,82.471941363946,2.719253254874,0.930481060655,2.470103169324
29,42,0.331022221704,0.070857349889,0.430973143927,0.167147284480,0.066204444341,0.014171469978,0.086194628785,0.033429456896,0.800000000000,140.388505167934,80.729001851068,2.832481287424,0.043574043692,41.369504069438
30,42,0.576211649721,0.159030509260,0.117616924859,0.147140916160,0.115242329944,0.031806101852,0.023523384972,0.029428183232,0.800000000000,131.566589758543,81.237524912986,2.712247108684,0.577734846994,8.533735869377
31,42,0.096930814229,0.240641268044,0.093479100133,0.568948817594,0.019386162846,0.048128253609,0.018695820027,0.113789763519,0.800000000000,143.302551648213,77.572338458321,2.876302921352,1.163419467483,72.719025358476
32,42,0.210381260104,0.599284301034,0.136163251630,0.054171187232,0.042076252021,0.119856860207,0.027232650326,0.010834237446,0.800000000000,128.731596885654,79.227591265463,2.653090346130,0.253757017724,57.525741646898
33,42,0.072378922421,0.199407489138,0.109269032245,0.618944556196,0.014475784484,0.039881497828,0.021853806449,0.123788911239,0.800000000000,145.313115879544,77.394002502285,2.905143735217,1.279586764205,76.007014709444
34,42,0.279140032614,0.537371931599,0.043305738692,0.140182297095,0.055828006523,0.107474386320,0.008661147738,0.028036459419,0.800000000000,128.945654799697,79.206351859148,2.661358200039,0.185968129527,48.317566832369
35,42,0.785439255555,0.163254883333,0.000717531587,0.050588329525,0.157087851111,0.032650976667,0.000143506317,0.010117665905,0.800000000000,125.879043546986,82.286926596210,2.631695766140,1.222577284240,40.379316408088
36,42,0.383291976059,0.074944360019,0.135349605970,0.406414057952,0.076658395212,0.014988872004,0.027069921194,0.081282811590,0.800000000000,139.765838071882,79.704603562184,2.832216108769,0.221654869686,34.369538566155
37,42,0.002155378351,0.536096315972,0.388266379236,0.073481926441,0.000431075670,0.107219263194,0.077653275847,0.014696385288,0.800000000000,135.797919954084,78.745595073280,2.750707199087,0.798070438913,85.411351731177
38,42,0.033913813815,0.052856211069,0.696591503600,0.216638471516,0.006782762763,0.010571242214,0.139318300720,0.043327694303,0.800000000000,149.057277018139,79.702416506543,2.944657896597,0.813341678302,81.158262053855
39,42,0.031290635031,0.282472465322,0.389529074153,0.296707825495,0.006258127006,0.056494493064,0.077905814831,0.059341565099,0.800000000000,142.874452636698,78.566177257565,2.860108824000,0.971063292033,81.509558156670
40,42,0.415822405541,0.081327211539,0.057165272907,0.445685110012,0.083164481108,0.016265442308,0.011433054581,0.089137022002,0.800000000000,138.877181041295,79.586366933519,2.821744306301,0.193471167986,30.013063449945
41,42,0.782821212640,0.067960863376,0.148657454656,0.000560469328,0.156564242528,0.013592172675,0.029731490931,0.000112093866,0.800000000000,128.279360170141,82.831626958786,2.666701279898,1.270083892071,39.652076447231
42,42,0.009243647369,0.058403872771,0.362677069722,0.569675410138,0.001848729474,0.011680774554,0.072535413944,0.113935082028,0.800000000000,150.906988410258,77.906050731970,2.979069643597,1.328840231064,84.462090744340
43,42,0.416327710709,0.103557800196,0.419224915336,0.060889573759,0.083265542142,0.020711560039,0.083844983067,0.012177914752,0.800000000000,136.870342229301,81.381821462087,2.781896624181,0.294767496342,29.945392981881
44,42,0.238685952616,0.328309777040,0.157099894175,0.275904376169,0.047737190523,0.065661955408,0.031419978835,0.055180875234,0.800000000000,136.082808631909,79.108674914766,2.769595215388,0.441290419802,53.735177225686
45,42,0.919702874821,0.006715955739,0.064265712555,0.009315456884,0.183940574964,0.001343191148,0.012853142511,0.001863091377,0.800000000000,126.512460121718,83.376069070596,2.645359876816,1.592834713614,77.675064567852
46,42,0.156875859084,0.216552264598,0.494115305951,0.132456570366,0.031375171817,0.043310452920,0.098823061190,0.026491314073,0.800000000000,140.792924729539,79.931615679478,2.830637827701,0.438449861796,64.691184951437
47,42,0.153197181791,0.284987391217,0.456782037738,0.105033389254,0.030639436358,0.056997478243,0.091356407548,0.021006677851,0.800000000000,138.888002076146,79.833101894546,2.802320672845,0.421835697894,65.183833414542
48,42,0.263892835723,0.113260921223,0.068243960564,0.554602282490,0.052778567145,0.022652184245,0.013648792113,0.110920456498,0.800000000000,142.390125318860,78.525856650044,2.869340249964,0.709706936876,50.359471439910
49,42,0.446776359115,0.107035977709,0.008392692710,0.437794970466,0.089355271823,0.021407195542,0.001678538542,0.087558994093,0.800000000000,137.331626905729,79.629538936054,2.800305244454,0.110258755413,25.867709987295
50,42,0.203597312327,0.430640646558,0.282387812861,0.083374228254,0.040719462465,0.086128129312,0.056477562572,0.016674845651,0.800000000000,133.520091220160,79.611095674697,2.725190593446,0.288412109792,58.434247933107
51,42,0.657037794149,0.050798893663,0.200322358407,0.091840953781,0.131407558830,0.010159778733,0.040064471681,0.018368190756,0.800000000000,132.227002127967,82.085696215259,2.723634868827,0.845667554675,4.711958458620
52,42,0.228880776980,0.633567688214,0.003545689088,0.134005845718,0.045776155396,0.126713537643,0.000709137818,0.026801169144,0.800000000000,127.637691223966,78.783233258860,2.639473928199,0.319326872614,55.048286346788
53,42,0.418017219372,0.448319578874,0.123993502146,0.009669699608,0.083603443874,0.089663915775,0.024798700429,0.001933939922,0.800000000000,127.378666038239,80.520818136095,2.639319889833,0.349730378722,29.719133981656
54,42,0.252085453396,0.545590289206,0.165404980114,0.036919277284,0.050417090679,0.109118057841,0.033080996023,0.007383855457,0.800000000000,129.049830182155,79.603013433681,2.659008372346,0.117326720747,51.940716081178
55,42,0.568436495193,0.066911989479,0.322822657158,0.041828858169,0.113687299039,0.013382397896,0.064564531432,0.008365771634,0.800000000000,133.878672235687,82.025255347125,2.743313104496,0.690604947190,9.574984563700
56,42,0.313254776021,0.353678634615,0.015133277675,0.317933311689,0.062650955204,0.070735726923,0.003026655535,0.063586662338,0.800000000000,133.622392539622,79.035477756780,2.737456587242,0.314164114863,43.748920395278
57,42,0.689026490340,0.162501767100,0.074236177430,0.074235565129,0.137805298068,0.032500353420,0.014847235486,0.014847113026,0.800000000000,128.378914403094,81.900723355054,2.666669131654,0.950935653742,13.597778486700
58,42,0.603025832729,0.179360663418,0.142100799094,0.075512704758,0.120605166546,0.035872132684,0.028420159819,0.015102540952,0.800000000000,130.095537131709,81.595848390546,2.689267967885,0.735037825637,4.942780480875
59,42,0.520568799541,0.212625490865,0.158710083192,0.108095626403,0.104113759908,0.042525098173,0.031742016638,0.021619125281,0.800000000000,131.404375684515,81.095924589734,2.706604061922,0.488134725826,15.985426365469
60,42,0.081548098771,0.568793476784,0.199572830026,0.150085594420,0.016309619754,0.113758695357,0.039914566005,0.030017118884,0.800000000000,133.140843709986,78.495274023677,2.716763103258,0.708228766902,74.779078612654
61,42,0.339966817251,0.261567204184,0.119862917542,0.278603061023,0.067993363450,0.052313440837,0.023972583508,0.055720612205,0.800000000000,135.299062176186,79.598524138980,2.762072645343,0.184283277261,40.171643833696
62,42,0.241803354248,0.018850312802,0.399678384360,0.339667948591,0.048360670850,0.003770062560,0.079935676872,0.067933589718,0.800000000000,144.856977652554,79.806876521399,2.897420170322,0.470238795713,53.317694799166
63,42,0.319374537348,0.122961588424,0.261215196390,0.296448677837,0.063874907470,0.024592317685,0.052243039278,0.059289735567,0.800000000000,139.713653704738,79.900680722412,2.825943916159,0.241862105125,42.929361958289
64,42,0.250884143308,0.345687111680,0.189856923216,0.213571821796,0.050176828662,0.069137422336,0.037971384643,0.042714364359,0.800000000000,135.072111628979,79.388982798147,2.753510292347,0.331050132641,52.101595528200
65,42,0.130472927206,0.191392610152,0.254722506139,0.423411956503,0.026094585441,0.038278522030,0.050944501228,0.084682391301,0.800000000000,143.262407999406,78.529042379946,2.872955117209,0.877353296639,68.227065588553
66,42,0.069973811126,0.294247660655,0.335762315089,0.300016213130,0.013994762225,0.058849532131,0.067152463018,0.060003242626,0.800000000000,141.528518970895,78.622232253527,2.842511137005,0.883477659323,76.329107213965
67,42,0.124625315664,0.538762160601,0.099953164903,0.236659358832,0.024925063133,0.107752432120,0.019990632981,0.047331871766,0.800000000000,133.155919727037,78.295949724192,2.721055277140,0.711206517264,69.010177726228
68,42,0.326182904857,0.142795936528,0.302791585806,0.228229572809,0.065236580971,0.028559187306,0.060558317161,0.045645914562,0.800000000000,138.738955459017,80.186589602810,2.810237803562,0.140055276633,42.017585381497
69,42,0.097194454267,0.615514915951,0.061803029321,0.225487600460,0.019438890853,0.123102983190,0.012360605864,0.045097520092,0.800000000000,131.748622827207,78.024630748717,2.698786927205,0.781029600368,72.683718684507
70,42,0.210182684883,0.214241172522,0.093692264386,0.481883878209,0.042036536977,0.042848234504,0.018738452877,0.096376775642,0.800000000000,140.719859874996,78.399443432120,2.841392128388,0.764380585115,57.552334840517
71,42,0.526813814091,0.213701400989,0.031026386605,0.228458398316,0.105362762818,0.042740280198,0.006205277321,0.045691679663,0.800000000000,131.637343432003,80.526302835447,2.713679414679,0.349685630597,15.149094016977
72,42,0.044593030943,0.335474400369,0.336146163695,0.283786404993,0.008918606189,0.067094880074,0.067229232739,0.056757280999,0.800000000000,140.987803710276,78.495641216622,2.833351521731,0.932959076698,79.728101296164
73,42,0.025510733271,0.024425387727,0.775359334003,0.174704545000,0.005102146654,0.004885077545,0.155071866801,0.034940909000,0.800000000000,149.952679385394,79.973791226134,2.955532559197,0.774472055766,82.283602600386
74,42,0.455416168380,0.310466009642,0.120254731029,0.113863090949,0.091083233676,0.062093201928,0.024050946206,0.022772618190,0.800000000000,130.455652520461,80.566850671610,2.690081146170,0.314507119737,24.710666730538
75,42,0.412073571533,0.343941988888,0.238439621440,0.005544818138,0.082414714307,0.068788397778,0.047687924288,0.001108963628,0.800000000000,130.279998731874,80.861251315094,2.682761775574,0.344296294967,30.515107300254
76,42,0.342071068737,0.042033957720,0.440008291836,0.175886681707,0.068414213747,0.008406791544,0.088001658367,0.035177336341,0.800000000000,140.932784073103,80.811119786201,2.840953188078,0.025354024569,39.889842474713
77,42,0.121358599189,0.011980506368,0.784130908898,0.082529985545,0.024271719838,0.002396101274,0.156826181780,0.016505997109,0.800000000000,147.349616764616,80.734318774379,2.920548272572,0.430622583285,69.447656396558
78,42,0.612652322762,0.278773603049,0.058613682633,0.049960391557,0.122530464552,0.055754720610,0.011722736527,0.009992078311,0.800000000000,127.133849922604,81.425899413525,2.644185600366,0.793371620784,3.653600935745
79,42,0.102791896767,0.268981005337,0.474674436823,0.153552661074,0.020558379353,0.053796201067,0.094934887365,0.030710532215,0.800000000000,140.834009857206,79.506225302635,2.829742565851,0.605849346497,71.934109184998
80,42,0.234186315703,0.521299812828,0.105448624154,0.139065247315,0.046837263141,0.104259962566,0.021089724831,0.027813049463,0.800000000000,130.500844018266,79.135816105473,2.682981947315,0.297350147464,54.337768601076
81,42,0.101353958607,0.377697325990,0.286455137389,0.234493578015,0.020270791721,0.075539465198,0.057291027478,0.046898715603,0.800000000000,138.146612396578,78.759408936979,2.793220209919,0.735796817702,72.126677863394
82,42,0.293580858305,0.012469329395,0.462688332571,0.231261479728,0.058716171661,0.002493865879,0.092537666514,0.046252295946,0.800000000000,143.252143293814,80.500128974060,2.873695694796,0.208424630360,46.383651455734
83,42,0.135042912313,0.062265710584,0.268615680454,0.534075696649,0.027008582463,0.012453142117,0.053723136091,0.106815139330,0.800000000000,147.222114459741,78.423159589489,2.931905181312,0.983544112257,67.615053183034
84,42,0.143267967696,0.091137456186,0.385213547190,0.380381028928,0.028653593539,0.018227491237,0.077042709438,0.076076205786,0.800000000000,145.602484659828,79.096624721572,2.905264390823,0.770512050141,66.513553766143
85,42,0.099972825510,0.753475125059,0.099982387901,0.046569661530,0.019994565102,0.150695025012,0.019996477580,0.009313932306,0.800000000000,127.390883523820,78.452982511459,2.628344762225,0.552066265174,72.311639207738
86,42,0.272935311763,0.002587483752,0.212706682035,0.511770522450,0.054587062353,0.000517496750,0.042541336407,0.102354104490,0.800000000000,145.119020711143,79.114849858734,2.907108642296,0.612964067542,49.148503048665
87,42,0.079035957606,0.080458379331,0.116324285435,0.724181377627,0.015807191521,0.016091675866,0.023264857087,0.144836275525,0.800000000000,148.935738073439,77.287987919457,2.958878932892,1.371559450110,75.115504557349
88,42,0.438238585934,0.133148644405,0.083947462162,0.344665307499,0.087647717187,0.026629728881,0.016789492432,0.068933061500,0.800000000000,136.503622016443,79.971813146805,2.785312647620,0.013957632835,27.011088571714
89,42,0.211660284211,0.052258059307,0.115185520670,0.620896135812,0.042332056842,0.010451611861,0.023037104134,0.124179227162,0.800000000000,145.759311741558,78.253764650447,2.916803970510,0.910585018125,57.354454738398
90,42,0.170365299021,0.747728468218,0.062522945712,0.019383287050,0.034073059804,0.149545693644,0.012504589142,0.003876657410,0.800000000000,125.701687442024,78.803337144120,2.604535074010,0.329779020126,62.884679155143
91,42,0.001610561994,0.129478394367,0.218766950389,0.650144093250,0.000322112399,0.025895678873,0.043753390078,0.130028818650,0.800000000000,149.357116310048,77.267227342243,2.959672578635,1.472696338286,85.484313537762
92,42,0.382790714697,0.238544941889,0.217893189698,0.160771153715,0.076558142939,0.047708988378,0.043578637940,0.032154230743,0.800000000000,134.406013061256,80.365326108366,2.747294872545,0.077038018731,34.436667487744
93,42,0.346005041024,0.300535028754,0.217964540907,0.135495389316,0.069201008205,0.060107005751,0.043592908181,0.027099077863,0.800000000000,133.579550271395,80.183229564077,2.732983905696,0.013283309689,39.363004906131
94,42,0.222208113825,0.466752966577,0.147273109431,0.163765810167,0.044441622765,0.093350593315,0.029454621886,0.032753162033,0.800000000000,132.353041051647,79.158123686005,2.710849319482,0.353484181319,55.941889396614
95,42,0.318360263533,0.284985294951,0.075996477843,0.320657963674,0.063672052707,0.056997058990,0.015199295569,0.064131592735,0.800000000000,135.367032861026,79.258159641853,2.763416029513,0.295965183882,43.065193507682
96,42,0.149706760911,0.249881624272,0.479356549750,0.121055065067,0.029941352182,0.049976324854,0.095871309950,0.024211013013,0.800000000000,140.011772638711,79.858869018118,2.818831456787,0.446051769906,65.651270578772
97,42,0.338478659313,0.013978086631,0.578586517537,0.068956736520,0.067695731863,0.002795617326,0.115717303507,0.013791347304,0.800000000000,141.422971839239,81.411222312163,2.844842560103,0.102010735294,40.370937944851
98,42,0.530046235457,0.105538870644,0.325202461113,0.039212432785,0.106009247091,0.021107774129,0.065040492223,0.007842486557,0.800000000000,133.806696010409,81.803901927540,2.740705726310,0.599823373242,14.716208147539
99,42,0.435487145008,0.298308159006,0.034526268762,0.231678427225,0.087097429002,0.059661631801,0.006905253752,0.046335685445,0.800000000000,131.696163727607,79.978484235683,2.711145381273,0.112044929165,27.379561540572
